country;variable;age;pop;countryname;shortname;simpledes;technicaldes;shorttype;longtype;shortpop;longpop;shortage;longage;unit;source;method;extrapolation;data_points
EH;iqualii999;999;i;Western Sahara;Inequality transparency index;Index that reflects the availability of surveys and tax data enabling the measurement of income and wealth inequality.;;Indices;Indices;individuals;The base unit is the individual (rather than the household). This is equivalent to assuming no sharing of resources within couples.;All Ages;The population is comprised of individuals of all ages.;;"[URL][URL_LINK]http://wid.world/transparency/[/URL_LINK][URL_TEXT]Inequality Transparency Index Methodology[/URL_TEXT][/URL][URL][URL_LINK]http://wordpress.wid.world/document/inequality-transparency-index-update-world-inequality-lab-technical-note-2020-12/[/URL_LINK][URL_TEXT]; Burq, François and Chancel, Lucas. Inequality transaprency index update (2020)[/URL_TEXT][/URL]";The inequality transparency index is estimated by the World Inequality Lab based on the availability of income and wealth surveys and tax data in the country considered. See http://wid.world/transparency/ for more information .;;
EH;npopulf001;001;f;Western Sahara;Population;Number of individuals in a group.;;Population;Number of units in a given group;female;The population looked at is comprised of female individuals only.;0 to 4;The population is comprised of individuals of in the 0 to 4 age group.;;"[URL][URL_LINK]https://esa.un.org/unpd/wpp/[/URL_LINK][URL_TEXT]UN World Population Prospects (2015).[/URL_TEXT][/URL];";;;
EH;npopulf051;051;f;Western Sahara;Population;Number of individuals in a group.;;Population;Number of units in a given group;female;The population looked at is comprised of female individuals only.;5 to 9;The population is comprised of individuals of in the 5 to 9 age group.;;"[URL][URL_LINK]https://esa.un.org/unpd/wpp/[/URL_LINK][URL_TEXT]UN World Population Prospects (2015).[/URL_TEXT][/URL];";;;
EH;npopulf101;101;f;Western Sahara;Population;Number of individuals in a group.;;Population;Number of units in a given group;female;The population looked at is comprised of female individuals only.;10 to 14;The population is comprised of individuals of in the 10 to 14 age group.;;"[URL][URL_LINK]https://esa.un.org/unpd/wpp/[/URL_LINK][URL_TEXT]UN World Population Prospects (2015).[/URL_TEXT][/URL];";;;
EH;npopulf111;111;f;Western Sahara;Population;Number of individuals in a group.;;Population;Number of units in a given group;female;The population looked at is comprised of female individuals only.;100+;The population is comprised of individuals over age 99.;;"[URL][URL_LINK]https://esa.un.org/unpd/wpp/[/URL_LINK][URL_TEXT]UN World Population Prospects (2015).[/URL_TEXT][/URL];";;;
EH;npopulf151;151;f;Western Sahara;Population;Number of individuals in a group.;;Population;Number of units in a given group;female;The population looked at is comprised of female individuals only.;15 to 19;The population is comprised of individuals of in the 15 to 19 age group.;;"[URL][URL_LINK]https://esa.un.org/unpd/wpp/[/URL_LINK][URL_TEXT]UN World Population Prospects (2015).[/URL_TEXT][/URL];";;;
EH;npopulf201;201;f;Western Sahara;Population;Number of individuals in a group.;;Population;Number of units in a given group;female;The population looked at is comprised of female individuals only.;20 to 24;The population is comprised of individuals of in the 20 to 24 age group.;;"[URL][URL_LINK]https://esa.un.org/unpd/wpp/[/URL_LINK][URL_TEXT]UN World Population Prospects (2015).[/URL_TEXT][/URL];";;;
EH;npopulf202;202;f;Western Sahara;Population;Number of individuals in a group.;;Population;Number of units in a given group;female;The population looked at is comprised of female individuals only.;20 to 29;The population is comprised of individuals of in the 20 to 29 age group.;;"[URL][URL_LINK]https://esa.un.org/unpd/wpp/[/URL_LINK][URL_TEXT]UN World Population Prospects (2015).[/URL_TEXT][/URL];";;;
EH;npopulf251;251;f;Western Sahara;Population;Number of individuals in a group.;;Population;Number of units in a given group;female;The population looked at is comprised of female individuals only.;25 to 29;The population is comprised of individuals of in the 25 to 29 age group.;;"[URL][URL_LINK]https://esa.un.org/unpd/wpp/[/URL_LINK][URL_TEXT]UN World Population Prospects (2015).[/URL_TEXT][/URL];";;;
EH;npopulf301;301;f;Western Sahara;Population;Number of individuals in a group.;;Population;Number of units in a given group;female;The population looked at is comprised of female individuals only.;30 to 34;The population is comprised of individuals of in the 30 to 34 age group.;;"[URL][URL_LINK]https://esa.un.org/unpd/wpp/[/URL_LINK][URL_TEXT]UN World Population Prospects (2015).[/URL_TEXT][/URL];";;;
EH;npopulf302;302;f;Western Sahara;Population;Number of individuals in a group.;;Population;Number of units in a given group;female;The population looked at is comprised of female individuals only.;30 to 39;The population is comprised of individuals of in the 30 to 39 age group.;;"[URL][URL_LINK]https://esa.un.org/unpd/wpp/[/URL_LINK][URL_TEXT]UN World Population Prospects (2015).[/URL_TEXT][/URL];";;;
EH;npopulf351;351;f;Western Sahara;Population;Number of individuals in a group.;;Population;Number of units in a given group;female;The population looked at is comprised of female individuals only.;35 to 39;The population is comprised of individuals of in the 35 to 39 age group.;;"[URL][URL_LINK]https://esa.un.org/unpd/wpp/[/URL_LINK][URL_TEXT]UN World Population Prospects (2015).[/URL_TEXT][/URL];";;;
EH;npopulf401;401;f;Western Sahara;Population;Number of individuals in a group.;;Population;Number of units in a given group;female;The population looked at is comprised of female individuals only.;40 to 44;The population is comprised of individuals of in the 40 to 44 age group.;;"[URL][URL_LINK]https://esa.un.org/unpd/wpp/[/URL_LINK][URL_TEXT]UN World Population Prospects (2015).[/URL_TEXT][/URL];";;;
EH;npopulf402;402;f;Western Sahara;Population;Number of individuals in a group.;;Population;Number of units in a given group;female;The population looked at is comprised of female individuals only.;40 to 49 ;The population is comprised of individuals of in the 40 to 49  age group.;;"[URL][URL_LINK]https://esa.un.org/unpd/wpp/[/URL_LINK][URL_TEXT]UN World Population Prospects (2015).[/URL_TEXT][/URL];";;;
EH;npopulf451;451;f;Western Sahara;Population;Number of individuals in a group.;;Population;Number of units in a given group;female;The population looked at is comprised of female individuals only.;45 to 49;The population is comprised of individuals of in the 45 to 49 age group.;;"[URL][URL_LINK]https://esa.un.org/unpd/wpp/[/URL_LINK][URL_TEXT]UN World Population Prospects (2015).[/URL_TEXT][/URL];";;;
EH;npopulf501;501;f;Western Sahara;Population;Number of individuals in a group.;;Population;Number of units in a given group;female;The population looked at is comprised of female individuals only.;50 to 54;The population is comprised of individuals of in the 50 to 54 age group.;;"[URL][URL_LINK]https://esa.un.org/unpd/wpp/[/URL_LINK][URL_TEXT]UN World Population Prospects (2015).[/URL_TEXT][/URL];";;;
EH;npopulf502;502;f;Western Sahara;Population;Number of individuals in a group.;;Population;Number of units in a given group;female;The population looked at is comprised of female individuals only.;50 to 59;The population is comprised of individuals of in the 50 to 59 age group.;;"[URL][URL_LINK]https://esa.un.org/unpd/wpp/[/URL_LINK][URL_TEXT]UN World Population Prospects (2015).[/URL_TEXT][/URL];";;;
EH;npopulf551;551;f;Western Sahara;Population;Number of individuals in a group.;;Population;Number of units in a given group;female;The population looked at is comprised of female individuals only.;55 to 59;The population is comprised of individuals of in the 55 to 59 age group.;;"[URL][URL_LINK]https://esa.un.org/unpd/wpp/[/URL_LINK][URL_TEXT]UN World Population Prospects (2015).[/URL_TEXT][/URL];";;;
EH;npopulf601;601;f;Western Sahara;Population;Number of individuals in a group.;;Population;Number of units in a given group;female;The population looked at is comprised of female individuals only.;60 to 64;The population is comprised of individuals of in the 60 to 64 age group.;;"[URL][URL_LINK]https://esa.un.org/unpd/wpp/[/URL_LINK][URL_TEXT]UN World Population Prospects (2015).[/URL_TEXT][/URL];";;;
EH;npopulf602;602;f;Western Sahara;Population;Number of individuals in a group.;;Population;Number of units in a given group;female;The population looked at is comprised of female individuals only.;60 to 69;The population is comprised of individuals of in the 60 to 69 age group.;;"[URL][URL_LINK]https://esa.un.org/unpd/wpp/[/URL_LINK][URL_TEXT]UN World Population Prospects (2015).[/URL_TEXT][/URL];";;;
EH;npopulf651;651;f;Western Sahara;Population;Number of individuals in a group.;;Population;Number of units in a given group;female;The population looked at is comprised of female individuals only.;65 to 69;The population is comprised of individuals of in the 65 to 69 age group.;;"[URL][URL_LINK]https://esa.un.org/unpd/wpp/[/URL_LINK][URL_TEXT]UN World Population Prospects (2015).[/URL_TEXT][/URL];";;;
EH;npopulf701;701;f;Western Sahara;Population;Number of individuals in a group.;;Population;Number of units in a given group;female;The population looked at is comprised of female individuals only.;70 to 74;The population is comprised of individuals of in the 70 to 74 age group.;;"[URL][URL_LINK]https://esa.un.org/unpd/wpp/[/URL_LINK][URL_TEXT]UN World Population Prospects (2015).[/URL_TEXT][/URL];";;;
EH;npopulf702;702;f;Western Sahara;Population;Number of individuals in a group.;;Population;Number of units in a given group;female;The population looked at is comprised of female individuals only.;70 to 79;The population is comprised of individuals of in the 70 to 79 age group.;;"[URL][URL_LINK]https://esa.un.org/unpd/wpp/[/URL_LINK][URL_TEXT]UN World Population Prospects (2015).[/URL_TEXT][/URL];";;;
EH;npopulf751;751;f;Western Sahara;Population;Number of individuals in a group.;;Population;Number of units in a given group;female;The population looked at is comprised of female individuals only.;75 to 79;The population is comprised of individuals of in the 75 to 79 age group.;;"[URL][URL_LINK]https://esa.un.org/unpd/wpp/[/URL_LINK][URL_TEXT]UN World Population Prospects (2015).[/URL_TEXT][/URL];";;;
EH;npopulf801;801;f;Western Sahara;Population;Number of individuals in a group.;;Population;Number of units in a given group;female;The population looked at is comprised of female individuals only.;80 to 84;The population is comprised of individuals of in the 80 to 84 age group.;;"[URL][URL_LINK]https://esa.un.org/unpd/wpp/[/URL_LINK][URL_TEXT]UN World Population Prospects (2015).[/URL_TEXT][/URL];";;;
EH;npopulf802;802;f;Western Sahara;Population;Number of individuals in a group.;;Population;Number of units in a given group;female;The population looked at is comprised of female individuals only.;80 to 89;The population is comprised of individuals of in the 80 to 89 age group.;;"[URL][URL_LINK]https://esa.un.org/unpd/wpp/[/URL_LINK][URL_TEXT]UN World Population Prospects (2015).[/URL_TEXT][/URL];";;;
EH;npopulf851;851;f;Western Sahara;Population;Number of individuals in a group.;;Population;Number of units in a given group;female;The population looked at is comprised of female individuals only.;85 to 89;The population is comprised of individuals of in the 85 to 89 age group.;;"[URL][URL_LINK]https://esa.un.org/unpd/wpp/[/URL_LINK][URL_TEXT]UN World Population Prospects (2015).[/URL_TEXT][/URL];";;;
EH;npopulf901;901;f;Western Sahara;Population;Number of individuals in a group.;;Population;Number of units in a given group;female;The population looked at is comprised of female individuals only.;90 to 94;The population is comprised of individuals of in the 90 to 94 age group.;;"[URL][URL_LINK]https://esa.un.org/unpd/wpp/[/URL_LINK][URL_TEXT]UN World Population Prospects (2015).[/URL_TEXT][/URL];";;;
EH;npopulf902;902;f;Western Sahara;Population;Number of individuals in a group.;;Population;Number of units in a given group;female;The population looked at is comprised of female individuals only.;90 to 99;The population is comprised of individuals of in the 90 to 99 age group.;;"[URL][URL_LINK]https://esa.un.org/unpd/wpp/[/URL_LINK][URL_TEXT]UN World Population Prospects (2015).[/URL_TEXT][/URL];";;;
EH;npopulf951;951;f;Western Sahara;Population;Number of individuals in a group.;;Population;Number of units in a given group;female;The population looked at is comprised of female individuals only.;95 to 99;The population is comprised of individuals of in the 95 to 99 age group.;;"[URL][URL_LINK]https://esa.un.org/unpd/wpp/[/URL_LINK][URL_TEXT]UN World Population Prospects (2015).[/URL_TEXT][/URL];";;;
EH;npopulf991;991;f;Western Sahara;Population;Number of individuals in a group.;;Population;Number of units in a given group;female;The population looked at is comprised of female individuals only.;Children;The population is comprised of individuals below age 20.;;"[URL][URL_LINK]https://esa.un.org/unpd/wpp/[/URL_LINK][URL_TEXT]UN World Population Prospects (2015).[/URL_TEXT][/URL];";;;
EH;npopulf992;992;f;Western Sahara;Population;Number of individuals in a group.;;Population;Number of units in a given group;female;The population looked at is comprised of female individuals only.;Adults;The population is comprised of individuals over age 20.;;"[URL][URL_LINK]https://esa.un.org/unpd/wpp/[/URL_LINK][URL_TEXT]UN World Population Prospects (2015).[/URL_TEXT][/URL];";;;
EH;npopulf993;993;f;Western Sahara;Population;Number of individuals in a group.;;Population;Number of units in a given group;female;The population looked at is comprised of female individuals only.;20 to 39;The population is comprised of individuals between ages 20 and 39.;;"[URL][URL_LINK]https://esa.un.org/unpd/wpp/[/URL_LINK][URL_TEXT]UN World Population Prospects (2015).[/URL_TEXT][/URL];";;;
EH;npopulf994;994;f;Western Sahara;Population;Number of individuals in a group.;;Population;Number of units in a given group;female;The population looked at is comprised of female individuals only.;40 to 59;The population is comprised of individuals between ages 40 and 59.;;"[URL][URL_LINK]https://esa.un.org/unpd/wpp/[/URL_LINK][URL_TEXT]UN World Population Prospects (2015).[/URL_TEXT][/URL];";;;
EH;npopulf995;995;f;Western Sahara;Population;Number of individuals in a group.;;Population;Number of units in a given group;female;The population looked at is comprised of female individuals only.;Over 60;The population is comprised of individuals over age 60.;;"[URL][URL_LINK]https://esa.un.org/unpd/wpp/[/URL_LINK][URL_TEXT]UN World Population Prospects (2015).[/URL_TEXT][/URL];";;;
EH;npopulf996;996;f;Western Sahara;Population;Number of individuals in a group.;;Population;Number of units in a given group;female;The population looked at is comprised of female individuals only.;20 to 64;The population is comprised of individuals between ages 20 and 64.;;"[URL][URL_LINK]https://esa.un.org/unpd/wpp/[/URL_LINK][URL_TEXT]UN World Population Prospects (2015).[/URL_TEXT][/URL];";;;
EH;npopulf997;997;f;Western Sahara;Population;Number of individuals in a group.;;Population;Number of units in a given group;female;The population looked at is comprised of female individuals only.;Over 65;The population is comprised of individuals over age 65.;;"[URL][URL_LINK]https://esa.un.org/unpd/wpp/[/URL_LINK][URL_TEXT]UN World Population Prospects (2015).[/URL_TEXT][/URL];";;;
EH;npopulf998;998;f;Western Sahara;Population;Number of individuals in a group.;;Population;Number of units in a given group;female;The population looked at is comprised of female individuals only.;Over 80;The population is comprised of individuals over age 80.;;"[URL][URL_LINK]https://esa.un.org/unpd/wpp/[/URL_LINK][URL_TEXT]UN World Population Prospects (2015).[/URL_TEXT][/URL];";;;
EH;npopulf999;999;f;Western Sahara;Population;Number of individuals in a group.;;Population;Number of units in a given group;female;The population looked at is comprised of female individuals only.;All Ages;The population is comprised of individuals of all ages.;;"[URL][URL_LINK]https://esa.un.org/unpd/wpp/[/URL_LINK][URL_TEXT]UN World Population Prospects (2015).[/URL_TEXT][/URL];";;;
EH;npopuli001;001;i;Western Sahara;Population;Number of individuals in a group.;;Population;Number of units in a given group;individuals;The base unit is the individual (rather than the household). This is equivalent to assuming no sharing of resources within couples.;0 to 4;The population is comprised of individuals of in the 0 to 4 age group.;;"[URL][URL_LINK]https://esa.un.org/unpd/wpp/[/URL_LINK][URL_TEXT]UN World Population Prospects (2015).[/URL_TEXT][/URL];";;;
EH;npopuli051;051;i;Western Sahara;Population;Number of individuals in a group.;;Population;Number of units in a given group;individuals;The base unit is the individual (rather than the household). This is equivalent to assuming no sharing of resources within couples.;5 to 9;The population is comprised of individuals of in the 5 to 9 age group.;;"[URL][URL_LINK]https://esa.un.org/unpd/wpp/[/URL_LINK][URL_TEXT]UN World Population Prospects (2015).[/URL_TEXT][/URL];";;;
EH;npopuli101;101;i;Western Sahara;Population;Number of individuals in a group.;;Population;Number of units in a given group;individuals;The base unit is the individual (rather than the household). This is equivalent to assuming no sharing of resources within couples.;10 to 14;The population is comprised of individuals of in the 10 to 14 age group.;;"[URL][URL_LINK]https://esa.un.org/unpd/wpp/[/URL_LINK][URL_TEXT]UN World Population Prospects (2015).[/URL_TEXT][/URL];";;;
EH;npopuli111;111;i;Western Sahara;Population;Number of individuals in a group.;;Population;Number of units in a given group;individuals;The base unit is the individual (rather than the household). This is equivalent to assuming no sharing of resources within couples.;100+;The population is comprised of individuals over age 99.;;"[URL][URL_LINK]https://esa.un.org/unpd/wpp/[/URL_LINK][URL_TEXT]UN World Population Prospects (2015).[/URL_TEXT][/URL];";;;
EH;npopuli151;151;i;Western Sahara;Population;Number of individuals in a group.;;Population;Number of units in a given group;individuals;The base unit is the individual (rather than the household). This is equivalent to assuming no sharing of resources within couples.;15 to 19;The population is comprised of individuals of in the 15 to 19 age group.;;"[URL][URL_LINK]https://esa.un.org/unpd/wpp/[/URL_LINK][URL_TEXT]UN World Population Prospects (2015).[/URL_TEXT][/URL];";;;
EH;npopuli201;201;i;Western Sahara;Population;Number of individuals in a group.;;Population;Number of units in a given group;individuals;The base unit is the individual (rather than the household). This is equivalent to assuming no sharing of resources within couples.;20 to 24;The population is comprised of individuals of in the 20 to 24 age group.;;"[URL][URL_LINK]https://esa.un.org/unpd/wpp/[/URL_LINK][URL_TEXT]UN World Population Prospects (2015).[/URL_TEXT][/URL];";;;
EH;npopuli202;202;i;Western Sahara;Population;Number of individuals in a group.;;Population;Number of units in a given group;individuals;The base unit is the individual (rather than the household). This is equivalent to assuming no sharing of resources within couples.;20 to 29;The population is comprised of individuals of in the 20 to 29 age group.;;"[URL][URL_LINK]https://esa.un.org/unpd/wpp/[/URL_LINK][URL_TEXT]UN World Population Prospects (2015).[/URL_TEXT][/URL];";;;
EH;npopuli251;251;i;Western Sahara;Population;Number of individuals in a group.;;Population;Number of units in a given group;individuals;The base unit is the individual (rather than the household). This is equivalent to assuming no sharing of resources within couples.;25 to 29;The population is comprised of individuals of in the 25 to 29 age group.;;"[URL][URL_LINK]https://esa.un.org/unpd/wpp/[/URL_LINK][URL_TEXT]UN World Population Prospects (2015).[/URL_TEXT][/URL];";;;
EH;npopuli301;301;i;Western Sahara;Population;Number of individuals in a group.;;Population;Number of units in a given group;individuals;The base unit is the individual (rather than the household). This is equivalent to assuming no sharing of resources within couples.;30 to 34;The population is comprised of individuals of in the 30 to 34 age group.;;"[URL][URL_LINK]https://esa.un.org/unpd/wpp/[/URL_LINK][URL_TEXT]UN World Population Prospects (2015).[/URL_TEXT][/URL];";;;
EH;npopuli302;302;i;Western Sahara;Population;Number of individuals in a group.;;Population;Number of units in a given group;individuals;The base unit is the individual (rather than the household). This is equivalent to assuming no sharing of resources within couples.;30 to 39;The population is comprised of individuals of in the 30 to 39 age group.;;"[URL][URL_LINK]https://esa.un.org/unpd/wpp/[/URL_LINK][URL_TEXT]UN World Population Prospects (2015).[/URL_TEXT][/URL];";;;
EH;npopuli351;351;i;Western Sahara;Population;Number of individuals in a group.;;Population;Number of units in a given group;individuals;The base unit is the individual (rather than the household). This is equivalent to assuming no sharing of resources within couples.;35 to 39;The population is comprised of individuals of in the 35 to 39 age group.;;"[URL][URL_LINK]https://esa.un.org/unpd/wpp/[/URL_LINK][URL_TEXT]UN World Population Prospects (2015).[/URL_TEXT][/URL];";;;
EH;npopuli401;401;i;Western Sahara;Population;Number of individuals in a group.;;Population;Number of units in a given group;individuals;The base unit is the individual (rather than the household). This is equivalent to assuming no sharing of resources within couples.;40 to 44;The population is comprised of individuals of in the 40 to 44 age group.;;"[URL][URL_LINK]https://esa.un.org/unpd/wpp/[/URL_LINK][URL_TEXT]UN World Population Prospects (2015).[/URL_TEXT][/URL];";;;
EH;npopuli402;402;i;Western Sahara;Population;Number of individuals in a group.;;Population;Number of units in a given group;individuals;The base unit is the individual (rather than the household). This is equivalent to assuming no sharing of resources within couples.;40 to 49 ;The population is comprised of individuals of in the 40 to 49  age group.;;"[URL][URL_LINK]https://esa.un.org/unpd/wpp/[/URL_LINK][URL_TEXT]UN World Population Prospects (2015).[/URL_TEXT][/URL];";;;
EH;npopuli451;451;i;Western Sahara;Population;Number of individuals in a group.;;Population;Number of units in a given group;individuals;The base unit is the individual (rather than the household). This is equivalent to assuming no sharing of resources within couples.;45 to 49;The population is comprised of individuals of in the 45 to 49 age group.;;"[URL][URL_LINK]https://esa.un.org/unpd/wpp/[/URL_LINK][URL_TEXT]UN World Population Prospects (2015).[/URL_TEXT][/URL];";;;
EH;npopuli501;501;i;Western Sahara;Population;Number of individuals in a group.;;Population;Number of units in a given group;individuals;The base unit is the individual (rather than the household). This is equivalent to assuming no sharing of resources within couples.;50 to 54;The population is comprised of individuals of in the 50 to 54 age group.;;"[URL][URL_LINK]https://esa.un.org/unpd/wpp/[/URL_LINK][URL_TEXT]UN World Population Prospects (2015).[/URL_TEXT][/URL];";;;
EH;npopuli502;502;i;Western Sahara;Population;Number of individuals in a group.;;Population;Number of units in a given group;individuals;The base unit is the individual (rather than the household). This is equivalent to assuming no sharing of resources within couples.;50 to 59;The population is comprised of individuals of in the 50 to 59 age group.;;"[URL][URL_LINK]https://esa.un.org/unpd/wpp/[/URL_LINK][URL_TEXT]UN World Population Prospects (2015).[/URL_TEXT][/URL];";;;
EH;npopuli551;551;i;Western Sahara;Population;Number of individuals in a group.;;Population;Number of units in a given group;individuals;The base unit is the individual (rather than the household). This is equivalent to assuming no sharing of resources within couples.;55 to 59;The population is comprised of individuals of in the 55 to 59 age group.;;"[URL][URL_LINK]https://esa.un.org/unpd/wpp/[/URL_LINK][URL_TEXT]UN World Population Prospects (2015).[/URL_TEXT][/URL];";;;
EH;npopuli601;601;i;Western Sahara;Population;Number of individuals in a group.;;Population;Number of units in a given group;individuals;The base unit is the individual (rather than the household). This is equivalent to assuming no sharing of resources within couples.;60 to 64;The population is comprised of individuals of in the 60 to 64 age group.;;"[URL][URL_LINK]https://esa.un.org/unpd/wpp/[/URL_LINK][URL_TEXT]UN World Population Prospects (2015).[/URL_TEXT][/URL];";;;
EH;npopuli602;602;i;Western Sahara;Population;Number of individuals in a group.;;Population;Number of units in a given group;individuals;The base unit is the individual (rather than the household). This is equivalent to assuming no sharing of resources within couples.;60 to 69;The population is comprised of individuals of in the 60 to 69 age group.;;"[URL][URL_LINK]https://esa.un.org/unpd/wpp/[/URL_LINK][URL_TEXT]UN World Population Prospects (2015).[/URL_TEXT][/URL];";;;
EH;npopuli651;651;i;Western Sahara;Population;Number of individuals in a group.;;Population;Number of units in a given group;individuals;The base unit is the individual (rather than the household). This is equivalent to assuming no sharing of resources within couples.;65 to 69;The population is comprised of individuals of in the 65 to 69 age group.;;"[URL][URL_LINK]https://esa.un.org/unpd/wpp/[/URL_LINK][URL_TEXT]UN World Population Prospects (2015).[/URL_TEXT][/URL];";;;
EH;npopuli701;701;i;Western Sahara;Population;Number of individuals in a group.;;Population;Number of units in a given group;individuals;The base unit is the individual (rather than the household). This is equivalent to assuming no sharing of resources within couples.;70 to 74;The population is comprised of individuals of in the 70 to 74 age group.;;"[URL][URL_LINK]https://esa.un.org/unpd/wpp/[/URL_LINK][URL_TEXT]UN World Population Prospects (2015).[/URL_TEXT][/URL];";;;
EH;npopuli702;702;i;Western Sahara;Population;Number of individuals in a group.;;Population;Number of units in a given group;individuals;The base unit is the individual (rather than the household). This is equivalent to assuming no sharing of resources within couples.;70 to 79;The population is comprised of individuals of in the 70 to 79 age group.;;"[URL][URL_LINK]https://esa.un.org/unpd/wpp/[/URL_LINK][URL_TEXT]UN World Population Prospects (2015).[/URL_TEXT][/URL];";;;
EH;npopuli751;751;i;Western Sahara;Population;Number of individuals in a group.;;Population;Number of units in a given group;individuals;The base unit is the individual (rather than the household). This is equivalent to assuming no sharing of resources within couples.;75 to 79;The population is comprised of individuals of in the 75 to 79 age group.;;"[URL][URL_LINK]https://esa.un.org/unpd/wpp/[/URL_LINK][URL_TEXT]UN World Population Prospects (2015).[/URL_TEXT][/URL];";;;
EH;npopuli801;801;i;Western Sahara;Population;Number of individuals in a group.;;Population;Number of units in a given group;individuals;The base unit is the individual (rather than the household). This is equivalent to assuming no sharing of resources within couples.;80 to 84;The population is comprised of individuals of in the 80 to 84 age group.;;"[URL][URL_LINK]https://esa.un.org/unpd/wpp/[/URL_LINK][URL_TEXT]UN World Population Prospects (2015).[/URL_TEXT][/URL];";;;
EH;npopuli802;802;i;Western Sahara;Population;Number of individuals in a group.;;Population;Number of units in a given group;individuals;The base unit is the individual (rather than the household). This is equivalent to assuming no sharing of resources within couples.;80 to 89;The population is comprised of individuals of in the 80 to 89 age group.;;"[URL][URL_LINK]https://esa.un.org/unpd/wpp/[/URL_LINK][URL_TEXT]UN World Population Prospects (2015).[/URL_TEXT][/URL];";;;
EH;npopuli851;851;i;Western Sahara;Population;Number of individuals in a group.;;Population;Number of units in a given group;individuals;The base unit is the individual (rather than the household). This is equivalent to assuming no sharing of resources within couples.;85 to 89;The population is comprised of individuals of in the 85 to 89 age group.;;"[URL][URL_LINK]https://esa.un.org/unpd/wpp/[/URL_LINK][URL_TEXT]UN World Population Prospects (2015).[/URL_TEXT][/URL];";;;
EH;npopuli901;901;i;Western Sahara;Population;Number of individuals in a group.;;Population;Number of units in a given group;individuals;The base unit is the individual (rather than the household). This is equivalent to assuming no sharing of resources within couples.;90 to 94;The population is comprised of individuals of in the 90 to 94 age group.;;"[URL][URL_LINK]https://esa.un.org/unpd/wpp/[/URL_LINK][URL_TEXT]UN World Population Prospects (2015).[/URL_TEXT][/URL];";;;
EH;npopuli902;902;i;Western Sahara;Population;Number of individuals in a group.;;Population;Number of units in a given group;individuals;The base unit is the individual (rather than the household). This is equivalent to assuming no sharing of resources within couples.;90 to 99;The population is comprised of individuals of in the 90 to 99 age group.;;"[URL][URL_LINK]https://esa.un.org/unpd/wpp/[/URL_LINK][URL_TEXT]UN World Population Prospects (2015).[/URL_TEXT][/URL];";;;
EH;npopuli951;951;i;Western Sahara;Population;Number of individuals in a group.;;Population;Number of units in a given group;individuals;The base unit is the individual (rather than the household). This is equivalent to assuming no sharing of resources within couples.;95 to 99;The population is comprised of individuals of in the 95 to 99 age group.;;"[URL][URL_LINK]https://esa.un.org/unpd/wpp/[/URL_LINK][URL_TEXT]UN World Population Prospects (2015).[/URL_TEXT][/URL];";;;
EH;npopuli991;991;i;Western Sahara;Population;Number of individuals in a group.;;Population;Number of units in a given group;individuals;The base unit is the individual (rather than the household). This is equivalent to assuming no sharing of resources within couples.;Children;The population is comprised of individuals below age 20.;;"[URL][URL_LINK]https://esa.un.org/unpd/wpp/[/URL_LINK][URL_TEXT]UN World Population Prospects (2015).[/URL_TEXT][/URL];";;;
EH;npopuli992;992;i;Western Sahara;Population;Number of individuals in a group.;;Population;Number of units in a given group;individuals;The base unit is the individual (rather than the household). This is equivalent to assuming no sharing of resources within couples.;Adults;The population is comprised of individuals over age 20.;;"[URL][URL_LINK]https://esa.un.org/unpd/wpp/[/URL_LINK][URL_TEXT]UN World Population Prospects (2015).[/URL_TEXT][/URL];";;;
EH;npopuli993;993;i;Western Sahara;Population;Number of individuals in a group.;;Population;Number of units in a given group;individuals;The base unit is the individual (rather than the household). This is equivalent to assuming no sharing of resources within couples.;20 to 39;The population is comprised of individuals between ages 20 and 39.;;"[URL][URL_LINK]https://esa.un.org/unpd/wpp/[/URL_LINK][URL_TEXT]UN World Population Prospects (2015).[/URL_TEXT][/URL];";;;
EH;npopuli994;994;i;Western Sahara;Population;Number of individuals in a group.;;Population;Number of units in a given group;individuals;The base unit is the individual (rather than the household). This is equivalent to assuming no sharing of resources within couples.;40 to 59;The population is comprised of individuals between ages 40 and 59.;;"[URL][URL_LINK]https://esa.un.org/unpd/wpp/[/URL_LINK][URL_TEXT]UN World Population Prospects (2015).[/URL_TEXT][/URL];";;;
EH;npopuli995;995;i;Western Sahara;Population;Number of individuals in a group.;;Population;Number of units in a given group;individuals;The base unit is the individual (rather than the household). This is equivalent to assuming no sharing of resources within couples.;Over 60;The population is comprised of individuals over age 60.;;"[URL][URL_LINK]https://esa.un.org/unpd/wpp/[/URL_LINK][URL_TEXT]UN World Population Prospects (2015).[/URL_TEXT][/URL];";;;
EH;npopuli997;997;i;Western Sahara;Population;Number of individuals in a group.;;Population;Number of units in a given group;individuals;The base unit is the individual (rather than the household). This is equivalent to assuming no sharing of resources within couples.;Over 65;The population is comprised of individuals over age 65.;;"[URL][URL_LINK]https://esa.un.org/unpd/wpp/[/URL_LINK][URL_TEXT]UN World Population Prospects (2015).[/URL_TEXT][/URL];";;;
EH;npopuli998;998;i;Western Sahara;Population;Number of individuals in a group.;;Population;Number of units in a given group;individuals;The base unit is the individual (rather than the household). This is equivalent to assuming no sharing of resources within couples.;Over 80;The population is comprised of individuals over age 80.;;"[URL][URL_LINK]https://esa.un.org/unpd/wpp/[/URL_LINK][URL_TEXT]UN World Population Prospects (2015).[/URL_TEXT][/URL];";;;
EH;npopuli999;999;i;Western Sahara;Population;Number of individuals in a group.;;Population;Number of units in a given group;individuals;The base unit is the individual (rather than the household). This is equivalent to assuming no sharing of resources within couples.;All Ages;The population is comprised of individuals of all ages.;;"[URL][URL_LINK]https://esa.un.org/unpd/wpp/[/URL_LINK][URL_TEXT]UN World Population Prospects (2015).[/URL_TEXT][/URL];";;;
EH;npopulm001;001;m;Western Sahara;Population;Number of individuals in a group.;;Population;Number of units in a given group;male;The population looked at is comprised of male individuals only.;0 to 4;The population is comprised of individuals of in the 0 to 4 age group.;;"[URL][URL_LINK]https://esa.un.org/unpd/wpp/[/URL_LINK][URL_TEXT]UN World Population Prospects (2015).[/URL_TEXT][/URL];";;;
EH;npopulm051;051;m;Western Sahara;Population;Number of individuals in a group.;;Population;Number of units in a given group;male;The population looked at is comprised of male individuals only.;5 to 9;The population is comprised of individuals of in the 5 to 9 age group.;;"[URL][URL_LINK]https://esa.un.org/unpd/wpp/[/URL_LINK][URL_TEXT]UN World Population Prospects (2015).[/URL_TEXT][/URL];";;;
EH;npopulm101;101;m;Western Sahara;Population;Number of individuals in a group.;;Population;Number of units in a given group;male;The population looked at is comprised of male individuals only.;10 to 14;The population is comprised of individuals of in the 10 to 14 age group.;;"[URL][URL_LINK]https://esa.un.org/unpd/wpp/[/URL_LINK][URL_TEXT]UN World Population Prospects (2015).[/URL_TEXT][/URL];";;;
EH;npopulm111;111;m;Western Sahara;Population;Number of individuals in a group.;;Population;Number of units in a given group;male;The population looked at is comprised of male individuals only.;100+;The population is comprised of individuals over age 99.;;"[URL][URL_LINK]https://esa.un.org/unpd/wpp/[/URL_LINK][URL_TEXT]UN World Population Prospects (2015).[/URL_TEXT][/URL];";;;
EH;npopulm151;151;m;Western Sahara;Population;Number of individuals in a group.;;Population;Number of units in a given group;male;The population looked at is comprised of male individuals only.;15 to 19;The population is comprised of individuals of in the 15 to 19 age group.;;"[URL][URL_LINK]https://esa.un.org/unpd/wpp/[/URL_LINK][URL_TEXT]UN World Population Prospects (2015).[/URL_TEXT][/URL];";;;
EH;npopulm201;201;m;Western Sahara;Population;Number of individuals in a group.;;Population;Number of units in a given group;male;The population looked at is comprised of male individuals only.;20 to 24;The population is comprised of individuals of in the 20 to 24 age group.;;"[URL][URL_LINK]https://esa.un.org/unpd/wpp/[/URL_LINK][URL_TEXT]UN World Population Prospects (2015).[/URL_TEXT][/URL];";;;
EH;npopulm202;202;m;Western Sahara;Population;Number of individuals in a group.;;Population;Number of units in a given group;male;The population looked at is comprised of male individuals only.;20 to 29;The population is comprised of individuals of in the 20 to 29 age group.;;"[URL][URL_LINK]https://esa.un.org/unpd/wpp/[/URL_LINK][URL_TEXT]UN World Population Prospects (2015).[/URL_TEXT][/URL];";;;
EH;npopulm251;251;m;Western Sahara;Population;Number of individuals in a group.;;Population;Number of units in a given group;male;The population looked at is comprised of male individuals only.;25 to 29;The population is comprised of individuals of in the 25 to 29 age group.;;"[URL][URL_LINK]https://esa.un.org/unpd/wpp/[/URL_LINK][URL_TEXT]UN World Population Prospects (2015).[/URL_TEXT][/URL];";;;
EH;npopulm301;301;m;Western Sahara;Population;Number of individuals in a group.;;Population;Number of units in a given group;male;The population looked at is comprised of male individuals only.;30 to 34;The population is comprised of individuals of in the 30 to 34 age group.;;"[URL][URL_LINK]https://esa.un.org/unpd/wpp/[/URL_LINK][URL_TEXT]UN World Population Prospects (2015).[/URL_TEXT][/URL];";;;
EH;npopulm302;302;m;Western Sahara;Population;Number of individuals in a group.;;Population;Number of units in a given group;male;The population looked at is comprised of male individuals only.;30 to 39;The population is comprised of individuals of in the 30 to 39 age group.;;"[URL][URL_LINK]https://esa.un.org/unpd/wpp/[/URL_LINK][URL_TEXT]UN World Population Prospects (2015).[/URL_TEXT][/URL];";;;
EH;npopulm351;351;m;Western Sahara;Population;Number of individuals in a group.;;Population;Number of units in a given group;male;The population looked at is comprised of male individuals only.;35 to 39;The population is comprised of individuals of in the 35 to 39 age group.;;"[URL][URL_LINK]https://esa.un.org/unpd/wpp/[/URL_LINK][URL_TEXT]UN World Population Prospects (2015).[/URL_TEXT][/URL];";;;
EH;npopulm401;401;m;Western Sahara;Population;Number of individuals in a group.;;Population;Number of units in a given group;male;The population looked at is comprised of male individuals only.;40 to 44;The population is comprised of individuals of in the 40 to 44 age group.;;"[URL][URL_LINK]https://esa.un.org/unpd/wpp/[/URL_LINK][URL_TEXT]UN World Population Prospects (2015).[/URL_TEXT][/URL];";;;
EH;npopulm402;402;m;Western Sahara;Population;Number of individuals in a group.;;Population;Number of units in a given group;male;The population looked at is comprised of male individuals only.;40 to 49 ;The population is comprised of individuals of in the 40 to 49  age group.;;"[URL][URL_LINK]https://esa.un.org/unpd/wpp/[/URL_LINK][URL_TEXT]UN World Population Prospects (2015).[/URL_TEXT][/URL];";;;
EH;npopulm451;451;m;Western Sahara;Population;Number of individuals in a group.;;Population;Number of units in a given group;male;The population looked at is comprised of male individuals only.;45 to 49;The population is comprised of individuals of in the 45 to 49 age group.;;"[URL][URL_LINK]https://esa.un.org/unpd/wpp/[/URL_LINK][URL_TEXT]UN World Population Prospects (2015).[/URL_TEXT][/URL];";;;
EH;npopulm501;501;m;Western Sahara;Population;Number of individuals in a group.;;Population;Number of units in a given group;male;The population looked at is comprised of male individuals only.;50 to 54;The population is comprised of individuals of in the 50 to 54 age group.;;"[URL][URL_LINK]https://esa.un.org/unpd/wpp/[/URL_LINK][URL_TEXT]UN World Population Prospects (2015).[/URL_TEXT][/URL];";;;
EH;npopulm502;502;m;Western Sahara;Population;Number of individuals in a group.;;Population;Number of units in a given group;male;The population looked at is comprised of male individuals only.;50 to 59;The population is comprised of individuals of in the 50 to 59 age group.;;"[URL][URL_LINK]https://esa.un.org/unpd/wpp/[/URL_LINK][URL_TEXT]UN World Population Prospects (2015).[/URL_TEXT][/URL];";;;
EH;npopulm551;551;m;Western Sahara;Population;Number of individuals in a group.;;Population;Number of units in a given group;male;The population looked at is comprised of male individuals only.;55 to 59;The population is comprised of individuals of in the 55 to 59 age group.;;"[URL][URL_LINK]https://esa.un.org/unpd/wpp/[/URL_LINK][URL_TEXT]UN World Population Prospects (2015).[/URL_TEXT][/URL];";;;
EH;npopulm601;601;m;Western Sahara;Population;Number of individuals in a group.;;Population;Number of units in a given group;male;The population looked at is comprised of male individuals only.;60 to 64;The population is comprised of individuals of in the 60 to 64 age group.;;"[URL][URL_LINK]https://esa.un.org/unpd/wpp/[/URL_LINK][URL_TEXT]UN World Population Prospects (2015).[/URL_TEXT][/URL];";;;
EH;npopulm602;602;m;Western Sahara;Population;Number of individuals in a group.;;Population;Number of units in a given group;male;The population looked at is comprised of male individuals only.;60 to 69;The population is comprised of individuals of in the 60 to 69 age group.;;"[URL][URL_LINK]https://esa.un.org/unpd/wpp/[/URL_LINK][URL_TEXT]UN World Population Prospects (2015).[/URL_TEXT][/URL];";;;
EH;npopulm651;651;m;Western Sahara;Population;Number of individuals in a group.;;Population;Number of units in a given group;male;The population looked at is comprised of male individuals only.;65 to 69;The population is comprised of individuals of in the 65 to 69 age group.;;"[URL][URL_LINK]https://esa.un.org/unpd/wpp/[/URL_LINK][URL_TEXT]UN World Population Prospects (2015).[/URL_TEXT][/URL];";;;
EH;npopulm701;701;m;Western Sahara;Population;Number of individuals in a group.;;Population;Number of units in a given group;male;The population looked at is comprised of male individuals only.;70 to 74;The population is comprised of individuals of in the 70 to 74 age group.;;"[URL][URL_LINK]https://esa.un.org/unpd/wpp/[/URL_LINK][URL_TEXT]UN World Population Prospects (2015).[/URL_TEXT][/URL];";;;
EH;npopulm702;702;m;Western Sahara;Population;Number of individuals in a group.;;Population;Number of units in a given group;male;The population looked at is comprised of male individuals only.;70 to 79;The population is comprised of individuals of in the 70 to 79 age group.;;"[URL][URL_LINK]https://esa.un.org/unpd/wpp/[/URL_LINK][URL_TEXT]UN World Population Prospects (2015).[/URL_TEXT][/URL];";;;
EH;npopulm751;751;m;Western Sahara;Population;Number of individuals in a group.;;Population;Number of units in a given group;male;The population looked at is comprised of male individuals only.;75 to 79;The population is comprised of individuals of in the 75 to 79 age group.;;"[URL][URL_LINK]https://esa.un.org/unpd/wpp/[/URL_LINK][URL_TEXT]UN World Population Prospects (2015).[/URL_TEXT][/URL];";;;
EH;npopulm801;801;m;Western Sahara;Population;Number of individuals in a group.;;Population;Number of units in a given group;male;The population looked at is comprised of male individuals only.;80 to 84;The population is comprised of individuals of in the 80 to 84 age group.;;"[URL][URL_LINK]https://esa.un.org/unpd/wpp/[/URL_LINK][URL_TEXT]UN World Population Prospects (2015).[/URL_TEXT][/URL];";;;
EH;npopulm802;802;m;Western Sahara;Population;Number of individuals in a group.;;Population;Number of units in a given group;male;The population looked at is comprised of male individuals only.;80 to 89;The population is comprised of individuals of in the 80 to 89 age group.;;"[URL][URL_LINK]https://esa.un.org/unpd/wpp/[/URL_LINK][URL_TEXT]UN World Population Prospects (2015).[/URL_TEXT][/URL];";;;
EH;npopulm851;851;m;Western Sahara;Population;Number of individuals in a group.;;Population;Number of units in a given group;male;The population looked at is comprised of male individuals only.;85 to 89;The population is comprised of individuals of in the 85 to 89 age group.;;"[URL][URL_LINK]https://esa.un.org/unpd/wpp/[/URL_LINK][URL_TEXT]UN World Population Prospects (2015).[/URL_TEXT][/URL];";;;
EH;npopulm901;901;m;Western Sahara;Population;Number of individuals in a group.;;Population;Number of units in a given group;male;The population looked at is comprised of male individuals only.;90 to 94;The population is comprised of individuals of in the 90 to 94 age group.;;"[URL][URL_LINK]https://esa.un.org/unpd/wpp/[/URL_LINK][URL_TEXT]UN World Population Prospects (2015).[/URL_TEXT][/URL];";;;
EH;npopulm902;902;m;Western Sahara;Population;Number of individuals in a group.;;Population;Number of units in a given group;male;The population looked at is comprised of male individuals only.;90 to 99;The population is comprised of individuals of in the 90 to 99 age group.;;"[URL][URL_LINK]https://esa.un.org/unpd/wpp/[/URL_LINK][URL_TEXT]UN World Population Prospects (2015).[/URL_TEXT][/URL];";;;
EH;npopulm951;951;m;Western Sahara;Population;Number of individuals in a group.;;Population;Number of units in a given group;male;The population looked at is comprised of male individuals only.;95 to 99;The population is comprised of individuals of in the 95 to 99 age group.;;"[URL][URL_LINK]https://esa.un.org/unpd/wpp/[/URL_LINK][URL_TEXT]UN World Population Prospects (2015).[/URL_TEXT][/URL];";;;
EH;npopulm991;991;m;Western Sahara;Population;Number of individuals in a group.;;Population;Number of units in a given group;male;The population looked at is comprised of male individuals only.;Children;The population is comprised of individuals below age 20.;;"[URL][URL_LINK]https://esa.un.org/unpd/wpp/[/URL_LINK][URL_TEXT]UN World Population Prospects (2015).[/URL_TEXT][/URL];";;;
EH;npopulm992;992;m;Western Sahara;Population;Number of individuals in a group.;;Population;Number of units in a given group;male;The population looked at is comprised of male individuals only.;Adults;The population is comprised of individuals over age 20.;;"[URL][URL_LINK]https://esa.un.org/unpd/wpp/[/URL_LINK][URL_TEXT]UN World Population Prospects (2015).[/URL_TEXT][/URL];";;;
EH;npopulm993;993;m;Western Sahara;Population;Number of individuals in a group.;;Population;Number of units in a given group;male;The population looked at is comprised of male individuals only.;20 to 39;The population is comprised of individuals between ages 20 and 39.;;"[URL][URL_LINK]https://esa.un.org/unpd/wpp/[/URL_LINK][URL_TEXT]UN World Population Prospects (2015).[/URL_TEXT][/URL];";;;
EH;npopulm994;994;m;Western Sahara;Population;Number of individuals in a group.;;Population;Number of units in a given group;male;The population looked at is comprised of male individuals only.;40 to 59;The population is comprised of individuals between ages 40 and 59.;;"[URL][URL_LINK]https://esa.un.org/unpd/wpp/[/URL_LINK][URL_TEXT]UN World Population Prospects (2015).[/URL_TEXT][/URL];";;;
EH;npopulm995;995;m;Western Sahara;Population;Number of individuals in a group.;;Population;Number of units in a given group;male;The population looked at is comprised of male individuals only.;Over 60;The population is comprised of individuals over age 60.;;"[URL][URL_LINK]https://esa.un.org/unpd/wpp/[/URL_LINK][URL_TEXT]UN World Population Prospects (2015).[/URL_TEXT][/URL];";;;
EH;npopulm996;996;m;Western Sahara;Population;Number of individuals in a group.;;Population;Number of units in a given group;male;The population looked at is comprised of male individuals only.;20 to 64;The population is comprised of individuals between ages 20 and 64.;;"[URL][URL_LINK]https://esa.un.org/unpd/wpp/[/URL_LINK][URL_TEXT]UN World Population Prospects (2015).[/URL_TEXT][/URL];";;;
EH;npopulm997;997;m;Western Sahara;Population;Number of individuals in a group.;;Population;Number of units in a given group;male;The population looked at is comprised of male individuals only.;Over 65;The population is comprised of individuals over age 65.;;"[URL][URL_LINK]https://esa.un.org/unpd/wpp/[/URL_LINK][URL_TEXT]UN World Population Prospects (2015).[/URL_TEXT][/URL];";;;
EH;npopulm998;998;m;Western Sahara;Population;Number of individuals in a group.;;Population;Number of units in a given group;male;The population looked at is comprised of male individuals only.;Over 80;The population is comprised of individuals over age 80.;;"[URL][URL_LINK]https://esa.un.org/unpd/wpp/[/URL_LINK][URL_TEXT]UN World Population Prospects (2015).[/URL_TEXT][/URL];";;;
EH;npopulm999;999;m;Western Sahara;Population;Number of individuals in a group.;;Population;Number of units in a given group;male;The population looked at is comprised of male individuals only.;All Ages;The population is comprised of individuals of all ages.;;"[URL][URL_LINK]https://esa.un.org/unpd/wpp/[/URL_LINK][URL_TEXT]UN World Population Prospects (2015).[/URL_TEXT][/URL];";;;
